"source file","M/Z","Intensity","Ret Time","Intensity Relative to Standard","Closest matched MW","Error (ppm) to closest MW match","Closest match Type","Closest matched formula","Closest matched formula DBE","Molecular ion matching MWs","Molecular ion matching chemical formulas","Molecular ion matching SMILES","Molecular ion matching chemical names","Deprotonated matching MWs","Deprotonated matching chemical formulas","Deprotonated matching SMILES","Deprotonated matching chemical names","Protonated matching MWs","Protonated matching chemical formulas","Protonated matching SMILES","Protonated matching chemical names"
"DIMER_27_362DA_APPI_363HCD30.csv",153.0709,158000.0,nan,nan,154.02661,-6204.837,"same","C7H6O4",5.0,"","","","","","","","","","","",""
"DIMER_27_362DA_APPI_363HCD30.csv",153.0763,108000.0,nan,nan,154.02661,-6169.778,"same","C7H6O4",5.0,"","","","","","","","","","","",""
"DIMER_27_362DA_APPI_363HCD30.csv",165.0661,164000.0,nan,nan,166.02661,-5785.277,"same","C8H6O4",6.0,"","","","","","","","","","","",""
"DIMER_27_362DA_APPI_363HCD30.csv",165.0717,437000.0,nan,nan,166.02661,-5751.548,"same","C8H6O4",6.0,"","","","","","","","","","","",""
"DIMER_27_362DA_APPI_363HCD30.csv",165.0773,243000.0,nan,nan,166.02661,-5717.818,"same","C8H6O4",6.0,"","","","","","","","","","","",""
"DIMER_27_362DA_APPI_363HCD30.csv",166.0776,236000.0,nan,nan,166.07825,-3.914,"same","C13H10",9.0,"(166.07825, -3.9)","('C13H10', 9.0)","{'C1=CC=C2C(=C1)CC1=C2C=CC=C1', 'C1=CC2=CC=C3C=CC=CC3=C2C1'}","[{'9h-fluorene', 'o-biphenylenemethane', 'diphenylenemethane'}, {'benzindene', '1h-benz[e]indene', '1h-cyclopenta[a]naphthalene'}]","","","","","","","",""
"DIMER_27_362DA_APPI_363HCD30.csv",166.0833,178000.0,nan,nan,166.07825,30.407,"same","C13H10",9.0,"","","","","","","","","","","",""
"DIMER_27_362DA_APPI_363HCD30.csv",167.081,99100.0,nan,nan,166.07825,-6001.580071941106,"same","C13H10*",9.0,"(166.07825, -3.9)","('C13H10', 9.0)","{'C1=CC=C2C(=C1)CC1=C2C=CC=C1', 'C1=CC2=CC=C3C=CC=CC3=C2C1'}","[{'9h-fluorene', 'o-biphenylenemethane', 'diphenylenemethane'}, {'benzindene', '1h-benz[e]indene', '1h-cyclopenta[a]naphthalene'}]","","","","","","","",""
"DIMER_27_362DA_APPI_363HCD30.csv",167.0866,224000.0,nan,nan,168.04226,-5687.022,"same","C8H8O4",5.0,"","","","","","","","","","","",""
"DIMER_27_362DA_APPI_363HCD30.csv",167.0923,137000.0,nan,nan,168.04226,-5653.102,"same","C8H8O4",5.0,"","","","","","","","","","","",""
"DIMER_27_362DA_APPI_363HCD30.csv",168.0591,122000.0,nan,nan,168.05751,9.461,"same","C12H8O",9.0,"(168.05751, 9.5)","('C12H8O', 9.0)","{'OC1=CC2=C3C(=CC=C2)C=CC3=C1', 'OC1=CC=CC2=C1C1=C2C=CC=C1', 'C1=CC=C2C(=C1)OC1=C2C=CC=C1', 'OC1=C2C=CC3=C2C(=CC=C3)C=C1'}","[{'4-acenaphthylenol', '7-hydroxyacenaphthylene', 'acenaphthylen-4-ol'}, {'hydroxybiphenylen', 'biphenyl enol', 'biphenylen-1-ol'}, {'dibenzofuran'}, {'acenaphthylen-3-ol'}]","","","","","","","",""
"DIMER_27_362DA_APPI_363HCD30.csv",178.0727,151000.0,nan,nan,178.06299,54.531,"same","C10H10O3",6.0,"","","","","","","","","","","",""
"DIMER_27_362DA_APPI_363HCD30.csv",178.0785,557000.0,nan,nan,178.06299,87.104,"same","C10H10O3",6.0,"","","","","","","","","","","",""
"DIMER_27_362DA_APPI_363HCD30.csv",178.0843,417000.0,nan,nan,178.09938,-84.672,"same","C11H14O2",5.0,"","","","","","","","","","","",""
"DIMER_27_362DA_APPI_363HCD30.csv",179.0824,666000.0,nan,nan,180.04226,-5331.304,"same","C9H8O4",6.0,"","","","","","","","","","","",""
"DIMER_27_362DA_APPI_363HCD30.csv",179.0882,1680000.0,nan,nan,180.04226,-5299.089,"same","C9H8O4",6.0,"","","","","","","","","","","",""
"DIMER_27_362DA_APPI_363HCD30.csv",179.0941,596000.0,nan,nan,180.04226,-5266.319,"same","C9H8O4",6.0,"","","","","","","","","","","",""
"DIMER_27_362DA_APPI_363HCD30.csv",180.0891,195000.0,nan,nan,180.0939,-26.653,"same","C14H12",9.0,"","","","","","","","","","","",""
"DIMER_27_362DA_APPI_363HCD30.csv",180.0949,202000.0,nan,nan,180.0939,5.553,"same","C14H12",9.0,"(180.0939, 5.6)","('C14H12', 9.0)","{'C=CC1=CC(C2=CC=CC=C2)=CC=C1', 'C1=CC=C2C(=C1)CCC1=C2C=CC=C1', 'C(=CC1=CC=CC=C1)C1=CC=CC=C1'}","[{'3-vinylbiphenyl', '1-ethenyl-3-phenylbenzene', 'm-phenyl styrene', ""3-vinyl-1,1'-biphenyl""}, {'9,10-dihydrophenanthrene'}, {'1,2-diphenylethene', 'stilbene'}]","","","","","","","",""
"DIMER_27_362DA_APPI_363HCD30.csv",181.0633,342000.0,nan,nan,180.1878,4858.82,"same","C13H24",2.0,"","","","","","","","","","","",""
"DIMER_27_362DA_APPI_363HCD30.csv",181.0692,448000.0,nan,nan,180.1878,4891.563,"same","C13H24",2.0,"","","","","","","","","","","",""
"DIMER_27_362DA_APPI_363HCD30.csv",181.0751,138000.0,nan,nan,180.1878,4924.307,"same","C13H24",2.0,"","","","","","","","","","","",""
"DIMER_27_362DA_APPI_363HCD30.csv",181.0986,110000.0,nan,nan,180.0939,-5547.806553998837,"same","C14H12*",9.0,"(180.0939, 5.6)","('C14H12', 9.0)","{'C=CC1=CC(C2=CC=CC=C2)=CC=C1', 'C1=CC=C2C(=C1)CCC1=C2C=CC=C1', 'C(=CC1=CC=CC=C1)C1=CC=CC=C1'}","[{'3-vinylbiphenyl', '1-ethenyl-3-phenylbenzene', 'm-phenyl styrene', ""3-vinyl-1,1'-biphenyl""}, {'9,10-dihydrophenanthrene'}, {'1,2-diphenylethene', 'stilbene'}]","","","","","","","",""
"DIMER_27_362DA_APPI_363HCD30.csv",181.1045,162000.0,nan,nan,180.1878,5087.47,"same","C13H24",2.0,"","","","","","","","","","","",""
"DIMER_27_362DA_APPI_363HCD30.csv",182.0697,152000.0,nan,nan,182.07316,-19.003,"same","C13H10O",9.0,"","","","","","","","","","","",""
"DIMER_27_362DA_APPI_363HCD30.csv",182.0755,208000.0,nan,nan,182.07316,12.852,"same","C13H10O",9.0,"","","","","","","","","","","",""
"DIMER_27_362DA_APPI_363HCD30.csv",183.0788,182000.0,nan,nan,184.05243,-5289.96,"same","C12H8O2",9.0,"","","","","","","","","","","",""
"DIMER_27_362DA_APPI_363HCD30.csv",183.0847,216000.0,nan,nan,184.05243,-5257.904,"same","C12H8O2",9.0,"","","","","","","","","","","",""
"DIMER_27_362DA_APPI_363HCD30.csv",189.072,127000.0,nan,nan,188.12012,5059.958,"same","C13H16O",6.0,"","","","","","","","","","","",""
"DIMER_27_362DA_APPI_363HCD30.csv",191.0832,216000.0,nan,nan,192.00587,-4805.426,"same","C9H4O5",8.0,"","","","","","","","","","","",""
"DIMER_27_362DA_APPI_363HCD30.csv",191.0892,327000.0,nan,nan,192.00587,-4774.177,"same","C9H4O5",8.0,"","","","","","","","","","","",""
"DIMER_27_362DA_APPI_363HCD30.csv",191.0952,133000.0,nan,nan,192.00587,-4742.928,"same","C9H4O5",8.0,"","","","","","","","","","","",""
"DIMER_27_362DA_APPI_363HCD30.csv",192.0867,103000.0,nan,nan,192.0939,-37.482,"same","C15H12",10.0,"","","","","","","","","","","",""
"DIMER_27_362DA_APPI_363HCD30.csv",192.0927,409000.0,nan,nan,192.0939,-6.247,"same","C15H12",10.0,"(192.0939, -6.2)","('C15H12', 10.0)","{'C1=CC2=CC(C3=CC=CC=C3)=CC=C2C1', 'C1=C(C2=CC=CC=C2)CC2=CC=CC=C12'}","[{'postulated structure'}, {'postulated structure'}]","","","","","","","",""
"DIMER_27_362DA_APPI_363HCD30.csv",192.0988,401000.0,nan,nan,192.0939,25.508,"same","C15H12",10.0,"","","","","","","","","","","",""
"DIMER_27_362DA_APPI_363HCD30.csv",193.0625,113000.0,nan,nan,192.11503,4931.785,"same","C12H16O2",5.0,"","","","","","","","","","","",""
"DIMER_27_362DA_APPI_363HCD30.csv",193.0685,155000.0,nan,nan,194.02152,-4911.929,"same","C9H6O5",7.0,"","","","","","","","","","","",""
"DIMER_27_362DA_APPI_363HCD30.csv",193.0989,160000.0,nan,nan,194.02152,-4755.246,"same","C9H6O5",7.0,"","","","","","","","","","","",""
"DIMER_27_362DA_APPI_363HCD30.csv",193.1049,182000.0,nan,nan,194.02152,-4724.321,"same","C9H6O5",7.0,"","","","","","","","","","","",""
"DIMER_27_362DA_APPI_363HCD30.csv",194.0712,189000.0,nan,nan,194.07316,-10.099,"same","C14H10O",10.0,"","","","","","","","","","","",""
"DIMER_27_362DA_APPI_363HCD30.csv",194.0772,214000.0,nan,nan,194.07316,20.817,"same","C14H10O",10.0,"","","","","","","","","","","",""
"DIMER_27_362DA_APPI_363HCD30.csv",195.0764,230000.0,nan,nan,194.20345,4495.028,"same","C14H26",2.0,"","","","","","","","","","","",""
"DIMER_27_362DA_APPI_363HCD30.csv",195.0825,580000.0,nan,nan,194.20345,4526.439,"same","C14H26",2.0,"","","","","","","","","","","",""
"DIMER_27_362DA_APPI_363HCD30.csv",195.0886,307000.0,nan,nan,194.20345,4557.849,"same","C14H26",2.0,"","","","","","","","","","","",""
"DIMER_27_362DA_APPI_363HCD30.csv",196.0536,191000.0,nan,nan,196.05243,5.968,"same","C13H8O2",10.0,"(196.05243, 6.0)","('C13H8O2', 10.0)","{'O=C1C2=CC=CC=C2C2=C1C=CC=C2O', 'O=C1C2=CC=CC=C2OC2=CC=CC=C12', 'O=C1OC2=CC=CC=C2C2=CC=CC=C12'}","[{'4-hydroxy-9-fluorenone', '4-hydroxyfluoren-9-one'}, {'xanthen-9-one', 'xanthone'}, {'benzo[c]chromen-6-one', '6h-dibenzo[b,d]pyran-6-one'}]","","","","","","","",""
"DIMER_27_362DA_APPI_363HCD30.csv",196.0597,106000.0,nan,nan,196.05243,37.082,"same","C13H8O2",10.0,"","","","","","","","","","","",""
"DIMER_27_362DA_APPI_363HCD30.csv",196.0842,263000.0,nan,nan,196.08882,-23.561,"same","C14H12O",9.0,"","","","","","","","","","","",""
"DIMER_27_362DA_APPI_363HCD30.csv",196.0903,566000.0,nan,nan,196.08882,7.548,"same","C14H12O",9.0,"(196.08882, 7.5)","('C14H12O', 9.0)","{'OC1=CC=C(C=CC2=CC=CC=C2)C=C1', 'C1=CC=C(C2CC3=CC=CC=C3O2)C=C1', 'O=C(CC1=CC=CC=C1)C1=CC=CC=C1'}","[{'4-(2-phenylethenyl)phenol', '4-styrylphenol'}, {'phenylcoumaran', '2-phenyl-2,3-dihydro-1-benzofuran'}, {'deoxybenzoin', '1,2-diphenylethanone'}]","","","","","","","",""
"DIMER_27_362DA_APPI_363HCD30.csv",196.0964,278000.0,nan,nan,196.08882,38.656,"same","C14H12O",9.0,"","","","","","","","","","","",""
"DIMER_27_362DA_APPI_363HCD30.csv",197.0578,187000.0,nan,nan,196.05243,-5101.904111382544,"same","C13H8O2*",10.0,"(196.05243, 6.0)","('C13H8O2', 10.0)","{'O=C1C2=CC=CC=C2C2=C1C=CC=C2O', 'O=C1C2=CC=CC=C2OC2=CC=CC=C12', 'O=C1OC2=CC=CC=C2C2=CC=CC=C12'}","[{'4-hydroxy-9-fluorenone', '4-hydroxyfluoren-9-one'}, {'xanthen-9-one', 'xanthone'}, {'benzo[c]chromen-6-one', '6h-dibenzo[b,d]pyran-6-one'}]","","","","","","","",""
"DIMER_27_362DA_APPI_363HCD30.csv",197.0639,229000.0,nan,nan,196.18272,4491.629,"same","C13H24O",2.0,"","","","","","","","","","","",""
"DIMER_27_362DA_APPI_363HCD30.csv",197.0946,146000.0,nan,nan,196.08882,-5103.031742117824,"same","C14H12O*",9.0,"(196.08882, 7.5)","('C14H12O', 9.0)","{'OC1=CC=C(C=CC2=CC=CC=C2)C=C1', 'C1=CC=C(C2CC3=CC=CC=C3O2)C=C1', 'O=C(CC1=CC=CC=C1)C1=CC=CC=C1'}","[{'4-(2-phenylethenyl)phenol', '4-styrylphenol'}, {'phenylcoumaran', '2-phenyl-2,3-dihydro-1-benzofuran'}, {'deoxybenzoin', '1,2-diphenylethanone'}]","","","","","","","",""
"DIMER_27_362DA_APPI_363HCD30.csv",197.1007,130000.0,nan,nan,196.18272,4679.209,"same","C13H24O",2.0,"","","","","","","","","","","",""
"DIMER_27_362DA_APPI_363HCD30.csv",198.0646,149000.0,nan,nan,198.06808,-17.57,"same","C13H10O2",9.0,"","","","","","","","","","","",""
"DIMER_27_362DA_APPI_363HCD30.csv",198.0707,230000.0,nan,nan,198.06808,13.228,"same","C13H10O2",9.0,"","","","","","","","","","","",""
"DIMER_27_362DA_APPI_363HCD30.csv",198.0768,108000.0,nan,nan,198.06808,44.025,"same","C13H10O2",9.0,"","","","","","","","","","","",""
"DIMER_27_362DA_APPI_363HCD30.csv",199.0739,121000.0,nan,nan,198.23475,4233.113,"same","C14H30",0.0,"","","","","","","","","","","",""
"DIMER_27_362DA_APPI_363HCD30.csv",199.08,120000.0,nan,nan,198.23475,4263.884,"same","C14H30",0.0,"","","","","","","","","","","",""
"DIMER_27_362DA_APPI_363HCD30.csv",202.0738,149000.0,nan,nan,202.08412,-51.068,"same","C9H14O5",3.0,"","","","","","","","","","","",""
"DIMER_27_362DA_APPI_363HCD30.csv",202.08,341000.0,nan,nan,202.08412,-20.388,"same","C9H14O5",3.0,"","","","","","","","","","","",""
"DIMER_27_362DA_APPI_363HCD30.csv",202.0862,197000.0,nan,nan,202.08412,10.293,"same","C9H14O5",3.0,"","","","","","","","","","","",""
"DIMER_27_362DA_APPI_363HCD30.csv",203.0808,100000.0,nan,nan,204.04226,-4712.063,"same","C11H8O4",8.0,"","","","","","","","","","","",""
"DIMER_27_362DA_APPI_363HCD30.csv",203.0871,168000.0,nan,nan,204.04226,-4681.187,"same","C11H8O4",8.0,"","","","","","","","","","","",""
"DIMER_27_362DA_APPI_363HCD30.csv",205.0649,336000.0,nan,nan,204.11503,4653.601,"same","C13H16O2",6.0,"","","","","","","","","","","",""
"DIMER_27_362DA_APPI_363HCD30.csv",205.0711,313000.0,nan,nan,204.11503,4683.976,"same","C13H16O2",6.0,"","","","","","","","","","","",""
"DIMER_27_362DA_APPI_363HCD30.csv",206.0668,130000.0,nan,nan,206.05791,43.143,"same","C11H10O4",7.0,"","","","","","","","","","","",""
"DIMER_27_362DA_APPI_363HCD30.csv",206.0731,397000.0,nan,nan,206.05791,73.717,"same","C11H10O4",7.0,"","","","","","","","","","","",""
"DIMER_27_362DA_APPI_363HCD30.csv",206.0793,297000.0,nan,nan,206.09429,-72.734,"same","C12H14O3",6.0,"","","","","","","","","","","",""
"DIMER_27_362DA_APPI_363HCD30.csv",207.0774,816000.0,nan,nan,208.03717,-4613.454,"same","C10H8O5",7.0,"","","","","","","","","","","",""
"DIMER_27_362DA_APPI_363HCD30.csv",207.0837,1920000.0,nan,nan,208.03717,-4583.171,"same","C10H8O5",7.0,"","","","","","","","","","","",""
"DIMER_27_362DA_APPI_363HCD30.csv",207.09,678000.0,nan,nan,208.03717,-4552.888,"same","C10H8O5",7.0,"","","","","","","","","","","",""
"DIMER_27_362DA_APPI_363HCD30.csv",207.0963,157000.0,nan,nan,208.03717,-4522.605,"same","C10H8O5",7.0,"","","","","","","","","","","",""
"DIMER_27_362DA_APPI_363HCD30.csv",207.1151,155000.0,nan,nan,208.03717,-4432.237,"same","C10H8O5",7.0,"","","","","","","","","","","",""
"DIMER_27_362DA_APPI_363HCD30.csv",207.1214,249000.0,nan,nan,208.03717,-4401.954,"same","C10H8O5",7.0,"","","","","","","","","","","",""
"DIMER_27_362DA_APPI_363HCD30.csv",208.0842,325000.0,nan,nan,208.08882,-22.202,"same","C15H12O",10.0,"","","","","","","","","","","",""
"DIMER_27_362DA_APPI_363HCD30.csv",208.0905,442000.0,nan,nan,208.08882,8.073,"same","C15H12O",10.0,"(208.08882, 8.1)","('C15H12O', 10.0)","{'O=CC(=CC1=CC=CC=C1)C1=CC=CC=C1', 'CC1=CC=C2OC(C3=CC=CC=C3)=CC2=C1'}","[{'postulated structure'}, {'postulated structure'}]","","","","","","","",""
"DIMER_27_362DA_APPI_363HCD30.csv",208.0968,167000.0,nan,nan,208.08882,38.349,"same","C15H12O",10.0,"","","","","","","","","","","",""
"DIMER_27_362DA_APPI_363HCD30.csv",209.0556,117000.0,nan,nan,208.1252,4470.386,"same","C16H16",9.0,"","","","","","","","","","","",""
"DIMER_27_362DA_APPI_363HCD30.csv",209.0619,236000.0,nan,nan,208.1252,4500.656,"same","C16H16",9.0,"","","","","","","","","","","",""
"DIMER_27_362DA_APPI_363HCD30.csv",209.0682,130000.0,nan,nan,208.1252,4530.927,"same","C16H16",9.0,"","","","","","","","","","","",""
"DIMER_27_362DA_APPI_363HCD30.csv",209.0871,101000.0,nan,nan,210.05282,-4597.51,"same","C10H10O5",6.0,"","","","","","","","","","","",""
"DIMER_27_362DA_APPI_363HCD30.csv",209.0935,287000.0,nan,nan,208.08882,-4804.931764975991,"same","C15H12O*",10.0,"(208.08882, 8.1)","('C15H12O', 10.0)","{'O=CC(=CC1=CC=CC=C1)C1=CC=CC=C1', 'CC1=CC=C2OC(C3=CC=CC=C3)=CC2=C1'}","[{'postulated structure'}, {'postulated structure'}]","","","","","","","",""
"DIMER_27_362DA_APPI_363HCD30.csv",209.0998,439000.0,nan,nan,210.05282,-4537.049,"same","C10H10O5",6.0,"","","","","","","","","","","",""
"DIMER_27_362DA_APPI_363HCD30.csv",209.1061,167000.0,nan,nan,210.05282,-4507.057,"same","C10H10O5",6.0,"","","","","","","","","","","",""
"DIMER_27_362DA_APPI_363HCD30.csv",210.0672,309000.0,nan,nan,210.06808,-4.189,"same","C14H10O2",10.0,"(210.06808, -4.2)","('C14H10O2', 10.0)","{'O=C1C=CC(=C2CC3=C(C=CC=C3)O2)C=C1', 'OC1=CC=C(C2=CC3=C(C=CC=C3)O2)C=C1'}","[{'postulated structure'}, {'4-(1-benzofuran-2-yl)phenol'}]","","","","","","","",""
"DIMER_27_362DA_APPI_363HCD30.csv",210.0735,280000.0,nan,nan,210.06808,25.801,"same","C14H10O2",10.0,"","","","","","","","","","","",""
"DIMER_27_362DA_APPI_363HCD30.csv",210.0798,110000.0,nan,nan,210.08921,-44.79,"same","C11H14O4",5.0,"","","","","","","","","","","",""
"DIMER_27_362DA_APPI_363HCD30.csv",210.1051,98000.0,nan,nan,210.10447,2.999,"same","C15H14O",9.0,"(210.10447, 3.0)","('C15H14O', 9.0)","{'CC(=COC1=CC=CC=C1)C1=CC=CC=C1', 'C=CCC1=CC(C2=CC=CC(O)=C2)=CC=C1', 'CC(=CC1=CC=CC=C1)C1=CC=C(O)C=C1', 'CC1=CC2=C(C=C1)OC(C1=CC=CC=C1)C2', 'CC(=CC1=CC=CC=C1)OC1=CC=CC=C1'}","[{'postulated structure'}, {'postulated structure'}, {'postulated structure'}, {'postulated structure'}, {'2-phenoxyprop-1-enylbenzene'}]","","","","","","","",""
"DIMER_27_362DA_APPI_363HCD30.csv",211.0685,158000.0,nan,nan,210.06808,-4739.788267789799,"same","C14H10O2*",10.0,"(210.06808, -4.2)","('C14H10O2', 10.0)","{'O=C1C=CC(=C2CC3=C(C=CC=C3)O2)C=C1', 'OC1=CC=C(C2=CC3=C(C=CC=C3)O2)C=C1'}","[{'postulated structure'}, {'4-(1-benzofuran-2-yl)phenol'}]","","","","","","","",""
"DIMER_27_362DA_APPI_363HCD30.csv",211.0749,901000.0,nan,nan,210.19837,4170.013,"same","C14H26O",2.0,"","","","","","","","","","","",""
"DIMER_27_362DA_APPI_363HCD30.csv",211.0812,922000.0,nan,nan,210.19837,4199.985,"same","C14H26O",2.0,"","","","","","","","","","","",""
"DIMER_27_362DA_APPI_363HCD30.csv",211.0876,233000.0,nan,nan,210.19837,4230.432,"same","C14H26O",2.0,"","","","","","","","","","","",""
"DIMER_27_362DA_APPI_363HCD30.csv",211.1129,101000.0,nan,nan,210.19837,4350.795,"same","C14H26O",2.0,"","","","","","","","","","","",""
"DIMER_27_362DA_APPI_363HCD30.csv",212.0786,171000.0,nan,nan,212.08373,-24.189,"same","C14H12O2",9.0,"","","","","","","","","","","",""
"DIMER_27_362DA_APPI_363HCD30.csv",212.085,225000.0,nan,nan,212.08373,5.988,"same","C14H12O2",9.0,"(212.08373, 6.0)","('C14H12O2', 9.0)","{'OC1=CC=C(C=COC2=CC=CC=C2)C=C1', 'OC(=COC1=CC=CC=C1)C1=CC=CC=C1', 'OC1=CC=C(C2CC3=C(C=CC=C3)O2)C=C1', 'OC1=CC=C(C=CC2=CC=CC=C2O)C=C1', 'OC1=CC=C(C=CC2=CC(O)=CC=C2)C=C1', 'O=C(COC1=CC=CC=C1)C1=CC=CC=C1', 'OC1=CC=C(C=CC2=CC=C(O)C=C2)C=C1', 'O=C1C=CC(=C2CC3=C(C=CC=C3)O2)CC1'}","[{'postulated structure'}, {'postulated structure'}, {'4-(2,3-dihydro-1-benzofuran-2-yl)phenol', '2-(4-hydroxyphenyl)coumaran'}, {'2-[2-(4-hydroxyphenyl)ethenyl]phenol'}, {'postulated structure'}, {'2-phenoxyacetophenone', '2-phenoxy-1-phenylethanone'}, {'postulated structure'}, {'postulated structure'}]","","","","","","","",""
"DIMER_27_362DA_APPI_363HCD30.csv",212.0913,97900.0,nan,nan,212.08373,35.693,"same","C14H12O2",9.0,"","","","","","","","","","","",""
"DIMER_27_362DA_APPI_363HCD30.csv",213.0529,98500.0,nan,nan,212.2504,3780.912,"same","C15H32",0.0,"","","","","","","","","","","",""
"DIMER_27_362DA_APPI_363HCD30.csv",213.0592,114000.0,nan,nan,212.2504,3810.594,"same","C15H32",0.0,"","","","","","","","","","","",""
"DIMER_27_362DA_APPI_363HCD30.csv",213.0911,146000.0,nan,nan,212.2504,3960.888,"same","C15H32",0.0,"","","","","","","","","","","",""
"DIMER_27_362DA_APPI_363HCD30.csv",213.0975,116000.0,nan,nan,212.2504,3991.041,"same","C15H32",0.0,"","","","","","","","","","","",""
"DIMER_27_362DA_APPI_363HCD30.csv",217.1009,151000.0,nan,nan,218.05791,-4388.788,"same","C12H10O4",8.0,"","","","","","","","","","","",""
"DIMER_27_362DA_APPI_363HCD30.csv",217.1073,142000.0,nan,nan,218.05791,-4359.438,"same","C12H10O4",8.0,"","","","","","","","","","","",""
"DIMER_27_362DA_APPI_363HCD30.csv",219.0745,135000.0,nan,nan,220.03717,-4375.034,"same","C11H8O5",8.0,"","","","","","","","","","","",""
"DIMER_27_362DA_APPI_363HCD30.csv",219.081,516000.0,nan,nan,220.03717,-4345.493,"same","C11H8O5",8.0,"","","","","","","","","","","",""
"DIMER_27_362DA_APPI_363HCD30.csv",219.0874,432000.0,nan,nan,220.03717,-4316.407,"same","C11H8O5",8.0,"","","","","","","","","","","",""
"DIMER_27_362DA_APPI_363HCD30.csv",219.0939,97500.0,nan,nan,220.03717,-4286.867,"same","C11H8O5",8.0,"","","","","","","","","","","",""
"DIMER_27_362DA_APPI_363HCD30.csv",220.0841,318000.0,nan,nan,220.07356,47.893,"same","C12H12O4",7.0,"","","","","","","","","","","",""
"DIMER_27_362DA_APPI_363HCD30.csv",220.0906,737000.0,nan,nan,220.07356,77.429,"same","C12H12O4",7.0,"","","","","","","","","","","",""
"DIMER_27_362DA_APPI_363HCD30.csv",220.0971,357000.0,nan,nan,220.10994,-58.334,"same","C13H16O3",6.0,"","","","","","","","","","","",""
"DIMER_27_362DA_APPI_363HCD30.csv",221.0571,141000.0,nan,nan,220.1252,4233.5,"same","C17H16",10.0,"","","","","","","","","","","",""
"DIMER_27_362DA_APPI_363HCD30.csv",221.0636,206000.0,nan,nan,220.1252,4263.028,"same","C17H16",10.0,"","","","","","","","","","","",""
"DIMER_27_362DA_APPI_363HCD30.csv",221.0701,106000.0,nan,nan,220.1252,4292.557,"same","C17H16",10.0,"","","","","","","","","","","",""
"DIMER_27_362DA_APPI_363HCD30.csv",221.0896,123000.0,nan,nan,222.05282,-4337.797,"same","C11H10O5",7.0,"","","","","","","","","","","",""
"DIMER_27_362DA_APPI_363HCD30.csv",221.0961,279000.0,nan,nan,222.05282,-4308.524,"same","C11H10O5",7.0,"","","","","","","","","","","",""
"DIMER_27_362DA_APPI_363HCD30.csv",221.1026,206000.0,nan,nan,222.05282,-4279.252,"same","C11H10O5",7.0,"","","","","","","","","","","",""
"DIMER_27_362DA_APPI_363HCD30.csv",222.0647,163000.0,nan,nan,222.06808,-15.221,"same","C15H10O2",11.0,"","","","","","","","","","","",""
"DIMER_27_362DA_APPI_363HCD30.csv",222.0713,219000.0,nan,nan,222.06808,14.5,"same","C15H10O2",11.0,"","","","","","","","","","","",""
"DIMER_27_362DA_APPI_363HCD30.csv",222.0778,105000.0,nan,nan,222.06808,43.77,"same","C15H10O2",11.0,"","","","","","","","","","","",""
"DIMER_27_362DA_APPI_363HCD30.csv",223.0682,124000.0,nan,nan,222.23475,3750.314,"same","C16H30",2.0,"","","","","","","","","","","",""
"DIMER_27_362DA_APPI_363HCD30.csv",223.0747,642000.0,nan,nan,222.23475,3779.562,"same","C16H30",2.0,"","","","","","","","","","","",""
"DIMER_27_362DA_APPI_363HCD30.csv",223.0812,702000.0,nan,nan,222.23475,3808.81,"same","C16H30",2.0,"","","","","","","","","","","",""
"DIMER_27_362DA_APPI_363HCD30.csv",223.0878,188000.0,nan,nan,222.23475,3838.509,"same","C16H30",2.0,"","","","","","","","","","","",""
"DIMER_27_362DA_APPI_363HCD30.csv",224.0739,99800.0,nan,nan,224.06847,24.234,"same","C11H12O5",6.0,"","","","","","","","","","","",""
"DIMER_27_362DA_APPI_363HCD30.csv",224.0804,741000.0,nan,nan,224.08373,-14.861,"same","C15H12O2",10.0,"","","","","","","","","","","",""
"DIMER_27_362DA_APPI_363HCD30.csv",224.0869,1420000.0,nan,nan,224.08373,14.146,"same","C15H12O2",10.0,"","","","","","","","","","","",""
"DIMER_27_362DA_APPI_363HCD30.csv",224.0935,462000.0,nan,nan,224.08373,43.6,"same","C15H12O2",10.0,"","","","","","","","","","","",""
"DIMER_27_362DA_APPI_363HCD30.csv",225.0556,138000.0,nan,nan,224.21402,3753.467,"same","C15H28O",2.0,"","","","","","","","","","","",""
"DIMER_27_362DA_APPI_363HCD30.csv",225.0752,99400.0,nan,nan,224.21402,3840.884,"same","C15H28O",2.0,"","","","","","","","","","","",""
"DIMER_27_362DA_APPI_363HCD30.csv",225.0818,148000.0,nan,nan,224.21402,3870.32,"same","C15H28O",2.0,"","","","","","","","","","","",""
"DIMER_27_362DA_APPI_363HCD30.csv",225.0883,450000.0,nan,nan,224.21402,3899.31,"same","C15H28O",2.0,"","","","","","","","","","","",""
"DIMER_27_362DA_APPI_363HCD30.csv",225.0949,553000.0,nan,nan,224.21402,3928.746,"same","C15H28O",2.0,"","","","","","","","","","","",""
"DIMER_27_362DA_APPI_363HCD30.csv",225.1015,179000.0,nan,nan,224.21402,3958.182,"same","C15H28O",2.0,"","","","","","","","","","","",""
"DIMER_27_362DA_APPI_363HCD30.csv",226.0592,142000.0,nan,nan,226.06299,-16.765,"same","C14H10O3",10.0,"","","","","","","","","","","",""
"DIMER_27_362DA_APPI_363HCD30.csv",226.0657,228000.0,nan,nan,226.06299,11.988,"same","C14H10O3",10.0,"","","","","","","","","","","",""
"DIMER_27_362DA_APPI_363HCD30.csv",226.0723,143000.0,nan,nan,226.06299,41.183,"same","C14H10O3",10.0,"","","","","","","","","","","",""
"DIMER_27_362DA_APPI_363HCD30.csv",226.0986,130000.0,nan,nan,226.09938,-3.45,"same","C15H14O2",9.0,"(226.09938, -3.4)","('C15H14O2', 9.0)","{'CC(OC1=CC=CC=C1)C(=O)C1=CC=CC=C1', 'CC=CC1=CC=C(O)C(C2=C(O)C=CC=C2)=C1', 'CC(OC1=CC=CC=C1)=C(O)C1=CC=CC=C1', 'CC(=CC1=CC=C(O)C=C1)OC1=CC=CC=C1', 'CC(=CC1=CC=C(O)C=C1)C1=CC=C(O)C=C1', 'CC1=CC2=C(C=C1)OC(C1=CC=C(O)C=C1)C2', 'OCC(=CC1=CC=CC=C1)OC1=CC=CC=C1'}","[{'2-phenoxypropiophenone', '2-phenoxy-1-phenylpropan-1-one'}, {'postulated structure'}, {'postulated structure'}, {'postulated structure'}, {'postulated structure'}, {'postulated structure'}, {'2-phenoxy-3-phenylprop-2-en-1-ol'}]","","","","","","","",""
"DIMER_27_362DA_APPI_363HCD30.csv",227.065,123000.0,nan,nan,226.26605,3531.02,"same","C16H34",0.0,"","","","","","","","","","","",""
"DIMER_27_362DA_APPI_363HCD30.csv",227.0716,299000.0,nan,nan,226.26605,3560.189,"same","C16H34",0.0,"","","","","","","","","","","",""
"DIMER_27_362DA_APPI_363HCD30.csv",227.0781,222000.0,nan,nan,226.26605,3588.917,"same","C16H34",0.0,"","","","","","","","","","","",""
"DIMER_27_362DA_APPI_363HCD30.csv",228.0796,155000.0,nan,nan,228.07864,4.209,"same","C14H12O3",9.0,"(228.07864, 4.2)","('C14H12O3', 9.0)","{'O=CC1=CC=C(OC2=CC=CC(CO)=C2)C=C1', 'O=C(COC1=CC=CC=C1)C1=CC=C(O)C=C1', 'OC1=CC=C(C=CC2=CC(O)=C(O)C=C2)C=C1'}","[{'4-[3-(hydroxymethyl)phenoxy]benzaldehyde'}, {'1-(4-hydroxyphenyl)-2-phenoxyethanone'}, {'postulated structure'}]","","","","","","","",""
"DIMER_27_362DA_APPI_363HCD30.csv",228.0862,96800.0,nan,nan,228.07864,33.146,"same","C14H12O3",9.0,"","","","","","","","","","","",""
"DIMER_27_362DA_APPI_363HCD30.csv",233.0601,132000.0,nan,nan,232.1252,4027.568,"same","C18H16",11.0,"","","","","","","","","","","",""
"DIMER_27_362DA_APPI_363HCD30.csv",233.0667,120000.0,nan,nan,232.1252,4056.001,"same","C18H16",11.0,"","","","","","","","","","","",""
"DIMER_27_362DA_APPI_363HCD30.csv",234.068,293000.0,nan,nan,234.06808,-0.342,"same","C16H10O2",12.0,"(234.06808, -0.3)","('C16H10O2', 12.0)","{'O=C1C=CC2=C3C(=CC4=C3C=CC=C4)COC2=C1', 'C=C1C=CC(=O)C(C2=CC3=CC=CC3=CC2=O)=C1'}","[{'postulated structure'}, {'postulated structure'}]","","","","","","","",""
"DIMER_27_362DA_APPI_363HCD30.csv",234.0746,250000.0,nan,nan,234.06808,27.855,"same","C16H10O2",12.0,"","","","","","","","","","","",""
"DIMER_27_362DA_APPI_363HCD30.csv",235.0713,439000.0,nan,nan,234.14085,3973.89,"same","C18H18",10.0,"","","","","","","","","","","",""
"DIMER_27_362DA_APPI_363HCD30.csv",235.078,1210000.0,nan,nan,234.14085,4002.505,"same","C18H18",10.0,"","","","","","","","","","","",""
"DIMER_27_362DA_APPI_363HCD30.csv",235.0847,638000.0,nan,nan,234.14085,4031.121,"same","C18H18",10.0,"","","","","","","","","","","",""
"DIMER_27_362DA_APPI_363HCD30.csv",235.0914,402000.0,nan,nan,234.14085,4059.736,"same","C18H18",10.0,"","","","","","","","","","","",""
"DIMER_27_362DA_APPI_363HCD30.csv",235.0981,286000.0,nan,nan,234.14085,4088.351,"same","C18H18",10.0,"","","","","","","","","","","",""
"DIMER_27_362DA_APPI_363HCD30.csv",235.1048,123000.0,nan,nan,236.06847,-4082.163,"same","C12H12O5",7.0,"","","","","","","","","","","",""
"DIMER_27_362DA_APPI_363HCD30.csv",235.1115,298000.0,nan,nan,236.06847,-4053.782,"same","C12H12O5",7.0,"","","","","","","","","","","",""
"DIMER_27_362DA_APPI_363HCD30.csv",235.1182,367000.0,nan,nan,236.06847,-4025.4,"same","C12H12O5",7.0,"","","","","","","","","","","",""
"DIMER_27_362DA_APPI_363HCD30.csv",236.0768,168000.0,nan,nan,236.08373,-29.354,"same","C16H12O2",11.0,"","","","","","","","","","","",""
"DIMER_27_362DA_APPI_363HCD30.csv",236.0836,336000.0,nan,nan,236.08373,-0.551,"same","C16H12O2",11.0,"(236.08373, -0.6)","('C16H12O2', 11.0)","{'CC1=CC=C(O)C(C2=CC3=CC=CC3=CC2=O)=C1', 'CC1=CC=CC(C2=CC3=CC=COC3=CC2=O)=C1', 'C=CC1=CC=C2OC(C3=CC=C(O)C=C3)=CC2=C1'}","[{'postulated structure'}, {'postulated structure'}, {'postulated structure'}]","","","","","","","",""
"DIMER_27_362DA_APPI_363HCD30.csv",236.0903,218000.0,nan,nan,236.08373,27.829,"same","C16H12O2",11.0,"","","","","","","","","","","",""
"DIMER_27_362DA_APPI_363HCD30.csv",237.0576,133000.0,nan,nan,236.2504,3416.714,"same","C17H32",2.0,"","","","","","","","","","","",""
"DIMER_27_362DA_APPI_363HCD30.csv",237.0778,114000.0,nan,nan,236.2504,3502.216,"same","C17H32",2.0,"","","","","","","","","","","",""
"DIMER_27_362DA_APPI_363HCD30.csv",237.0845,217000.0,nan,nan,236.2504,3530.576,"same","C17H32",2.0,"","","","","","","","","","","",""
"DIMER_27_362DA_APPI_363HCD30.csv",237.0912,628000.0,nan,nan,236.2504,3558.936,"same","C17H32",2.0,"","","","","","","","","","","",""
"DIMER_27_362DA_APPI_363HCD30.csv",237.0979,564000.0,nan,nan,236.2504,3587.296,"same","C17H32",2.0,"","","","","","","","","","","",""
"DIMER_27_362DA_APPI_363HCD30.csv",237.1047,131000.0,nan,nan,236.2504,3616.079,"same","C17H32",2.0,"","","","","","","","","","","",""
"DIMER_27_362DA_APPI_363HCD30.csv",238.0943,234000.0,nan,nan,238.09938,-21.336,"same","C16H14O2",10.0,"","","","","","","","","","","",""
"DIMER_27_362DA_APPI_363HCD30.csv",238.101,453000.0,nan,nan,238.09938,6.804,"same","C16H14O2",10.0,"(238.09938, 6.8)","('C16H14O2', 10.0)","{'C=CC1=CC2=C(C=C1)OC(C1=CC=C(O)C=C1)C2', 'CCC1=CC2=C(C=C1)OC(=C1C=CC(=O)C=C1)C2'}","[{'postulated structure'}, {'postulated structure'}]","","","","","","","",""
"DIMER_27_362DA_APPI_363HCD30.csv",238.1078,225000.0,nan,nan,238.09938,35.363,"same","C16H14O2",10.0,"","","","","","","","","","","",""
"DIMER_27_362DA_APPI_363HCD30.csv",239.0657,294000.0,nan,nan,238.22967,3509.345,"same","C16H30O",2.0,"","","","","","","","","","","",""
"DIMER_27_362DA_APPI_363HCD30.csv",239.0725,867000.0,nan,nan,238.22967,3537.888,"same","C16H30O",2.0,"","","","","","","","","","","",""
"DIMER_27_362DA_APPI_363HCD30.csv",239.0792,542000.0,nan,nan,238.22967,3566.013,"same","C16H30O",2.0,"","","","","","","","","","","",""
"DIMER_27_362DA_APPI_363HCD30.csv",239.086,408000.0,nan,nan,238.22967,3594.556,"same","C16H30O",2.0,"","","","","","","","","","","",""
"DIMER_27_362DA_APPI_363HCD30.csv",239.0928,340000.0,nan,nan,238.22967,3623.1,"same","C16H30O",2.0,"","","","","","","","","","","",""
"DIMER_27_362DA_APPI_363HCD30.csv",239.0995,171000.0,nan,nan,238.22967,3651.224,"same","C16H30O",2.0,"","","","","","","","","","","",""
"DIMER_27_362DA_APPI_363HCD30.csv",239.1063,311000.0,nan,nan,238.09938,-4211.181386688715,"same","C16H14O2*",10.0,"(238.09938, 6.8)","('C16H14O2', 10.0)","{'C=CC1=CC2=C(C=C1)OC(C1=CC=C(O)C=C1)C2', 'CCC1=CC2=C(C=C1)OC(=C1C=CC(=O)C=C1)C2'}","[{'postulated structure'}, {'postulated structure'}]","","","","","","","",""
"DIMER_27_362DA_APPI_363HCD30.csv",239.113,358000.0,nan,nan,238.22967,3707.892,"same","C16H30O",2.0,"","","","","","","","","","","",""
"DIMER_27_362DA_APPI_363HCD30.csv",240.073,174000.0,nan,nan,240.07864,-23.492,"same","C15H12O3",10.0,"","","","","","","","","","","",""
"DIMER_27_362DA_APPI_363HCD30.csv",240.0797,297000.0,nan,nan,240.07864,4.415,"same","C15H12O3",10.0,"(240.07864, 4.4)","('C15H12O3', 10.0)","{'OC1=CC=CC(C2=CC3=C(C=CC3)C(O)=C2O)=C1', 'O=CC(=CC1=CC=C(O)C=C1)C1=CC=C(O)C=C1', 'OC1=C(C2=CC3=C(C=C2O)OC=CC3)C=CC=C1'}","[{'postulated structure'}, {'postulated structure'}, {'postulated structure'}]","","","","","","","",""
"DIMER_27_362DA_APPI_363HCD30.csv",240.0865,171000.0,nan,nan,240.07864,32.739,"same","C15H12O3",10.0,"","","","","","","","","","","",""
"DIMER_27_362DA_APPI_363HCD30.csv",241.0823,245000.0,nan,nan,240.07864,-4163.142628056878,"same","C15H12O3*",10.0,"(240.07864, 4.4)","('C15H12O3', 10.0)","{'OC1=CC=CC(C2=CC3=C(C=CC3)C(O)=C2O)=C1', 'O=CC(=CC1=CC=C(O)C=C1)C1=CC=C(O)C=C1', 'OC1=C(C2=CC3=C(C=C2O)OC=CC3)C=CC=C1'}","[{'postulated structure'}, {'postulated structure'}, {'postulated structure'}]","","","","","","","",""
"DIMER_27_362DA_APPI_363HCD30.csv",241.0891,425000.0,nan,nan,240.2817,3360.223,"same","C17H36",0.0,"","","","","","","","","","","",""
"DIMER_27_362DA_APPI_363HCD30.csv",241.0959,214000.0,nan,nan,240.2817,3388.523,"same","C17H36",0.0,"","","","","","","","","","","",""
"DIMER_27_362DA_APPI_363HCD30.csv",242.0598,123000.0,nan,nan,242.05791,7.808,"same","C14H10O4",10.0,"(242.05791, 7.8)","('C14H10O4', 10.0)","{'O=CC1=CC=C(OC2=CC(=CO)C=CC2=O)C=C1', 'O=C(O)C1=CC(C2=CC(C(=O)O)=CC=C2)=CC=C1', 'OC1=CC2=C(C=CO2)C=C1C1=CC=CC(O)=C1O', 'O=CC1=CC=C(OC2=C(O)C=CC(C=O)=C2)C=C1', 'O=C1C=CC(=CC=C2C=CC(=O)C(O)=C2)C=C1O', 'OC1=C(O)C=C2C(=C1)C=CC1=C2C(O)=C(O)C=C1', 'O=C(C(=O)C1=CC(O)=C(O)C=C1)C1=CC=CC=C1', 'O=C(C(=O)C1=CC(O)=CC=C1)C1=CC=C(O)C=C1'}","[{'3-(4-formylphenoxy)-4-hydroxybenzaldehyde'}, {""biphenyl-3,3'-dicarboxylic acid"", '3-(3-carboxyphenyl)benzoic acid', ""m,m'-dicarboxybiphenyl""}, {'postulated structure'}, {'3-(4-formylphenoxy)-4-hydroxybenzaldehyde'}, {'postulated structure'}, {'phenanthrene-2,3,5,6-tetrol'}, {'postulated structure'}, {'postulated structure'}]","","","","","","","",""
"DIMER_27_362DA_APPI_363HCD30.csv",243.0666,170000.0,nan,nan,244.03717,-3977.14,"same","C13H8O5",10.0,"","","","","","","","","","","",""
"DIMER_27_362DA_APPI_363HCD30.csv",243.0734,141000.0,nan,nan,244.03717,-3949.275,"same","C13H8O5",10.0,"","","","","","","","","","","",""
"DIMER_27_362DA_APPI_363HCD30.csv",247.0731,122000.0,nan,nan,246.14085,3787.466,"same","C19H18",11.0,"","","","","","","","","","","",""
"DIMER_27_362DA_APPI_363HCD30.csv",247.08,179000.0,nan,nan,246.14085,3815.498,"same","C19H18",11.0,"","","","","","","","","","","",""
"DIMER_27_362DA_APPI_363HCD30.csv",248.0764,108000.0,nan,nan,248.08373,-29.546,"same","C17H12O2",12.0,"","","","","","","","","","","",""
"DIMER_27_362DA_APPI_363HCD30.csv",248.0833,419000.0,nan,nan,248.08373,-1.733,"same","C17H12O2",12.0,"(248.08373, -1.7)","('C17H12O2', 12.0)","{'C=CC1=CC=CC(C2=CC3=CC=COC3=CC2=O)=C1', 'C=CC1=CC=C(O)C(C2=CC3=CC=CC3=CC2=O)=C1'}","[{'postulated structure'}, {'postulated structure'}]","","","","","","","",""
"DIMER_27_362DA_APPI_363HCD30.csv",248.0902,391000.0,nan,nan,248.08373,26.08,"same","C17H12O2",12.0,"","","","","","","","","","","",""
"DIMER_27_362DA_APPI_363HCD30.csv",248.0971,103000.0,nan,nan,248.10486,-31.277,"same","C14H16O4",7.0,"","","","","","","","","","","",""
"DIMER_27_362DA_APPI_363HCD30.csv",249.0887,176000.0,nan,nan,248.08373,-4034.586876080633,"same","C17H12O2*",12.0,"(248.08373, -1.7)","('C17H12O2', 12.0)","{'C=CC1=CC=CC(C2=CC3=CC=COC3=CC2=O)=C1', 'C=CC1=CC=C(O)C(C2=CC3=CC=CC3=CC2=O)=C1'}","[{'postulated structure'}, {'postulated structure'}]","","","","","","","",""
"DIMER_27_362DA_APPI_363HCD30.csv",249.0956,199000.0,nan,nan,248.1565,3784.305,"same","C19H20",10.0,"","","","","","","","","","","",""
"DIMER_27_362DA_APPI_363HCD30.csv",250.0685,99900.0,nan,nan,250.09938,-123.471,"same","C17H14O2",11.0,"","","","","","","","","","","",""
"DIMER_27_362DA_APPI_363HCD30.csv",251.064,121000.0,nan,nan,250.26605,3188.407,"same","C18H34",2.0,"","","","","","","","","","","",""
"DIMER_27_362DA_APPI_363HCD30.csv",251.0709,411000.0,nan,nan,250.26605,3215.978,"same","C18H34",2.0,"","","","","","","","","","","",""
"DIMER_27_362DA_APPI_363HCD30.csv",251.0778,362000.0,nan,nan,250.26605,3243.548,"same","C18H34",2.0,"","","","","","","","","","","",""
"DIMER_27_362DA_APPI_363HCD30.csv",251.0848,140000.0,nan,nan,250.26605,3271.518,"same","C18H34",2.0,"","","","","","","","","","","",""
"DIMER_27_362DA_APPI_363HCD30.csv",252.0754,405000.0,nan,nan,252.07864,-12.853,"same","C16H12O3",11.0,"","","","","","","","","","","",""
"DIMER_27_362DA_APPI_363HCD30.csv",252.0823,676000.0,nan,nan,252.07864,14.519,"same","C16H12O3",11.0,"","","","","","","","","","","",""
"DIMER_27_362DA_APPI_363HCD30.csv",252.0893,309000.0,nan,nan,252.09977,-41.531,"same","C13H16O5",6.0,"","","","","","","","","","","",""
"DIMER_27_362DA_APPI_363HCD30.csv",252.0962,121000.0,nan,nan,252.09977,-14.161,"same","C13H16O5",6.0,"","","","","","","","","","","",""
"DIMER_27_362DA_APPI_363HCD30.csv",253.0818,264000.0,nan,nan,252.24532,3316.137,"same","C17H32O",2.0,"","","","","","","","","","","",""
"DIMER_27_362DA_APPI_363HCD30.csv",253.0888,481000.0,nan,nan,252.24532,3343.888,"same","C17H32O",2.0,"","","","","","","","","","","",""
"DIMER_27_362DA_APPI_363HCD30.csv",253.0957,242000.0,nan,nan,252.24532,3371.242,"same","C17H32O",2.0,"","","","","","","","","","","",""
"DIMER_27_362DA_APPI_363HCD30.csv",254.0903,144000.0,nan,nan,254.09429,-15.703,"same","C16H14O3",10.0,"","","","","","","","","","","",""
"DIMER_27_362DA_APPI_363HCD30.csv",254.0973,176000.0,nan,nan,254.09429,11.846,"same","C16H14O3",10.0,"","","","","","","","","","","",""
"DIMER_27_362DA_APPI_363HCD30.csv",255.0589,118000.0,nan,nan,254.29735,2994.723,"same","C18H38",0.0,"","","","","","","","","","","",""
"DIMER_27_362DA_APPI_363HCD30.csv",255.0659,438000.0,nan,nan,254.29735,3022.249,"same","C18H38",0.0,"","","","","","","","","","","",""
"DIMER_27_362DA_APPI_363HCD30.csv",255.0729,409000.0,nan,nan,254.29735,3049.776,"same","C18H38",0.0,"","","","","","","","","","","",""
"DIMER_27_362DA_APPI_363HCD30.csv",255.0799,167000.0,nan,nan,254.29735,3077.303,"same","C18H38",0.0,"","","","","","","","","","","",""
"DIMER_27_362DA_APPI_363HCD30.csv",256.0714,255000.0,nan,nan,256.07356,-8.435,"same","C15H12O4",10.0,"(256.07356, -8.4)","('C15H12O4', 10.0)","{'O=CC(=CC1=CC(O)=C(O)C=C1)C1=CC=C(O)C=C1', 'COC1=C(O)C=CC(C(=O)C(=O)C2=CC=CC=C2)=C1', 'COC1=CC=CC(C(=O)C(=O)C2=CC=C(O)C=C2)=C1'}","[{'postulated structure'}, {'1-(4-hydroxy-3-methoxyphenyl)-2-phenylethane-1,2-dione', 'benzoylvanillin'}, {'postulated structure'}]","","","","","","","",""
"DIMER_27_362DA_APPI_363HCD30.csv",256.0783,285000.0,nan,nan,256.07356,18.51,"same","C15H12O4",10.0,"","","","","","","","","","","",""
"DIMER_27_362DA_APPI_363HCD30.csv",256.0853,116000.0,nan,nan,256.07356,45.846,"same","C15H12O4",10.0,"","","","","","","","","","","",""
"DIMER_27_362DA_APPI_363HCD30.csv",257.0788,241000.0,nan,nan,256.14633,3640.38,"same","C17H20O2",8.0,"","","","","","","","","","","",""
"DIMER_27_362DA_APPI_363HCD30.csv",257.0858,320000.0,nan,nan,256.14633,3667.708,"same","C17H20O2",8.0,"","","","","","","","","","","",""
"DIMER_27_362DA_APPI_363HCD30.csv",257.0928,132000.0,nan,nan,256.14633,3695.036,"same","C17H20O2",8.0,"","","","","","","","","","","",""
"DIMER_27_362DA_APPI_363HCD30.csv",263.108,236000.0,nan,nan,262.17215,3569.601,"same","C20H22",10.0,"","","","","","","","","","","",""
"DIMER_27_362DA_APPI_363HCD30.csv",263.1151,184000.0,nan,nan,262.17215,3596.683,"same","C20H22",10.0,"","","","","","","","","","","",""
"DIMER_27_362DA_APPI_363HCD30.csv",265.0811,113000.0,nan,nan,264.2817,3024.803,"same","C19H36",2.0,"","","","","","","","","","","",""
"DIMER_27_362DA_APPI_363HCD30.csv",265.0883,271000.0,nan,nan,264.2817,3052.046,"same","C19H36",2.0,"","","","","","","","","","","",""
"DIMER_27_362DA_APPI_363HCD30.csv",265.0954,198000.0,nan,nan,264.2817,3078.912,"same","C19H36",2.0,"","","","","","","","","","","",""
"DIMER_27_362DA_APPI_363HCD30.csv",266.0919,140000.0,nan,nan,266.09429,-8.982,"same","C17H14O3",11.0,"(266.09429, -9.0)","('C17H14O3', 11.0)","{'OC1=CC=C(C2CC3=C(C=C4OCC=CC4=C3)O2)C=C1', 'COC1=CC=CC(C2=CC3=C(C(=O)C=C3)C(OC)=C2)=C1', 'COC1=CC(C2=C(O)C=CC(C)=C2)=CC2=C1C(=O)C=C2'}","[{'8-methoxynaphthalene-1,7-diol'}, {'postulated structure'}, {'postulated structure'}]","","","","","","","",""
"DIMER_27_362DA_APPI_363HCD30.csv",266.099,155000.0,nan,nan,266.09429,17.7,"same","C17H14O3",11.0,"","","","","","","","","","","",""
"DIMER_27_362DA_APPI_363HCD30.csv",267.0974,317000.0,nan,nan,266.26097,3141.392,"same","C18H34O",2.0,"","","","","","","","","","","",""
"DIMER_27_362DA_APPI_363HCD30.csv",267.1045,828000.0,nan,nan,266.26097,3168.057,"same","C18H34O",2.0,"","","","","","","","","","","",""
"DIMER_27_362DA_APPI_363HCD30.csv",267.1116,446000.0,nan,nan,266.26097,3194.723,"same","C18H34O",2.0,"","","","","","","","","","","",""
"DIMER_27_362DA_APPI_363HCD30.csv",268.0761,105000.0,nan,nan,268.07356,9.475,"same","C16H12O4",11.0,"(268.07356, 9.5)","('C16H12O4', 11.0)","{'COC1=C2OC=CC=C2C=C(C2=C(O)C=CC=C2)C1=O', 'COC1=CC(C2=CC=CC(=O)C2=O)=CC2=C1OC=CC2', 'CC1=CC(C2=CC3=CC=COC3=C(O)C2=O)=C(O)C=C1', 'O=C(C=CC(=O)C1=CC=C(O)C=C1)C1=CC=C(O)C=C1'}","[{'postulated structure'}, {'postulated structure'}, {'postulated structure'}, {'postulated structure'}]","","","","","","","",""
"DIMER_27_362DA_APPI_363HCD30.csv",268.1047,116000.0,nan,nan,268.10994,-19.544,"same","C17H16O3",10.0,"","","","","","","","","","","",""
"DIMER_27_362DA_APPI_363HCD30.csv",268.1119,123000.0,nan,nan,268.10994,7.31,"same","C17H16O3",10.0,"(268.10994, 7.3)","('C17H16O3', 10.0)","{'C=CC1=CC2=C(C=C1)OC(C1=CC=C(O)C(OC)=C1)C2', 'OCC=CC1=CC2=C(C=C1)OC(C1=CC=C(O)C=C1)C2', 'OC1=CC=C(C2CC3=C(C=C4OCCCC4=C3)O2)C=C1'}","[{'postulated structure'}, {'postulated structure'}, {'postulated structure'}]","","","","","","","",""
"DIMER_27_362DA_APPI_363HCD30.csv",269.0782,212000.0,nan,nan,268.313,2851.893,"same","C19H40",0.0,"","","","","","","","","","","",""
"DIMER_27_362DA_APPI_363HCD30.csv",269.0854,337000.0,nan,nan,268.313,2878.727,"same","C19H40",0.0,"","","","","","","","","","","",""
"DIMER_27_362DA_APPI_363HCD30.csv",269.0925,187000.0,nan,nan,268.313,2905.189,"same","C19H40",0.0,"","","","","","","","","","","",""
"DIMER_27_362DA_APPI_363HCD30.csv",270.0893,125000.0,nan,nan,270.08921,0.333,"same","C16H14O4",10.0,"(270.08921, 0.3)","('C16H14O4', 10.0)","{'COC1=CC=CC(C=C(C=O)C2=CC(O)=C(O)C=C2)=C1', 'COC1=C(O)C(C2=CC3=C(C=C2O)OCC=C3)=CC=C1', 'COC1=CC(=CC(=O)C2=CC(OC)=CC=C2)C=CC1=O', 'COC1=CC=CC(C2=CC3=C(C=C2O)C(O)C=C3)=C1O', 'OC(=CC=C(O)C1=CC=C(O)C=C1)C1=CC=C(O)C=C1'}","[{'postulated structure'}, {'postulated structure'}, {'postulated structure'}, {'postulated structure'}, {'postulated structure'}]","","","","","","","",""
"DIMER_27_362DA_APPI_363HCD30.csv",271.0951,317000.0,nan,nan,272.03209,-3444.41,"same","C14H8O6",11.0,"","","","","","","","","","","",""
"DIMER_27_362DA_APPI_363HCD30.csv",271.1023,408000.0,nan,nan,272.03209,-3417.942,"same","C14H8O6",11.0,"","","","","","","","","","","",""
"DIMER_27_362DA_APPI_363HCD30.csv",271.1095,145000.0,nan,nan,272.03209,-3391.475,"same","C14H8O6",11.0,"","","","","","","","","","","",""
"DIMER_27_362DA_APPI_363HCD30.csv",283.0902,122000.0,nan,nan,282.32865,2697.388,"same","C20H42",0.0,"","","","","","","","","","","",""
"DIMER_27_362DA_APPI_363HCD30.csv",283.0976,398000.0,nan,nan,282.32865,2723.599,"same","C20H42",0.0,"","","","","","","","","","","",""
"DIMER_27_362DA_APPI_363HCD30.csv",283.1049,333000.0,nan,nan,282.32865,2749.455,"same","C20H42",0.0,"","","","","","","","","","","",""
"DIMER_27_362DA_APPI_363HCD30.csv",284.1053,153000.0,nan,nan,284.10486,1.549,"same","C17H16O4",10.0,"(284.10486, 1.5)","('C17H16O4', 10.0)","{'C=CC1=CC(OC)=C(OC2=CC(=C)C=C(OC)C2=O)C=C1', 'C=CC1=C(O)C(OC=CC2=CC(OC)=C(O)C=C2)=CC=C1', 'C=CC1=CC(O)=C(O)C(C2=CC(C=CC)=CC(O)=C2O)=C1', 'COC1=CC=CC(C=C(C=O)C2=CC(OC)=C(O)C=C2)=C1'}","[{'postulated structure'}, {'postulated structure'}, {'postulated structure'}, {'postulated structure'}]","","","","","","","",""
"DIMER_27_362DA_APPI_363HCD30.csv",284.1126,104000.0,nan,nan,284.10486,27.243,"same","C17H16O4",10.0,"","","","","","","","","","","",""
